,loss,dice,accuracy,mean_io_u
0,0.666558563709259,0.5135778188705444,0.9226928949356079,0.25
1,0.5584409832954407,0.5734446048736572,0.9879646301269531,0.25
2,0.23767109215259552,0.8060731887817383,0.9879646301269531,0.25
3,0.09582318365573883,0.984107494354248,0.9879646301269531,0.25
4,0.07999186962842941,0.9852637052536011,0.9879646301269531,0.25
5,0.06787145137786865,0.9733284115791321,0.9879646301269531,0.25
6,0.06840209662914276,0.9651025533676147,0.9879646301269531,0.25
7,0.06465329229831696,0.9730124473571777,0.9879646301269531,0.25
8,0.06748591363430023,0.9792100787162781,0.9879646301269531,0.25
9,0.06669924408197403,0.9763725996017456,0.9879646301269531,0.25
10,0.06584027409553528,0.9761093258857727,0.9879646301269531,0.25
11,0.06538032740354538,0.9750756025314331,0.9879646301269531,0.25
12,0.0657830461859703,0.9729210138320923,0.9879646301269531,0.25
13,0.06676089763641357,0.976384162902832,0.9879646301269531,0.25
14,0.06541367620229721,0.9771367311477661,0.9879646301269531,0.25
15,0.06542416661977768,0.9752277135848999,0.9879646301269531,0.25
16,0.06526733934879303,0.9749268293380737,0.9879646301269531,0.25
17,0.06545663625001907,0.9744086265563965,0.9879646301269531,0.25
18,0.06514250487089157,0.9747292399406433,0.9879646301269531,0.25
19,0.06503991037607193,0.9757832288742065,0.9879646301269531,0.25
20,0.06470004469156265,0.9762262105941772,0.9879646301269531,0.25
21,0.06445378065109253,0.9747616052627563,0.9879646301269531,0.25
22,0.0645713359117508,0.9752365350723267,0.9879646301269531,0.25
23,0.06443074345588684,0.9766265749931335,0.9879646301269531,0.25
24,0.06400685757398605,0.9772295951843262,0.9879646301269531,0.25
25,0.06378810107707977,0.975805401802063,0.9879646301269531,0.25
26,0.06385138630867004,0.975136399269104,0.9879646301269531,0.25
27,0.06352414190769196,0.9758321642875671,0.9879646301269531,0.25
28,0.06358683854341507,0.975286602973938,0.9879646301269531,0.25
29,0.06352515518665314,0.9760313034057617,0.9879646301269531,0.25
30,0.06343856453895569,0.9750933647155762,0.9879646301269531,0.25
31,0.06292911618947983,0.9753610491752625,0.9879646301269531,0.25
32,0.06315333396196365,0.977181077003479,0.9879646301269531,0.25
33,0.06250686943531036,0.9760052561759949,0.9879646301269531,0.25
34,0.06257544457912445,0.9742509126663208,0.9879646301269531,0.25
35,0.06214802712202072,0.9754344820976257,0.9879646301269531,0.25
36,0.06252496689558029,0.9777207374572754,0.9879646301269531,0.25
37,0.06259877234697342,0.9754055738449097,0.9879646301269531,0.25
38,0.06331939995288849,0.9761046171188354,0.9879646301269531,0.25
39,0.061652444303035736,0.9758204221725464,0.9879646301269531,0.25
40,0.061710089445114136,0.9747952222824097,0.9879646301269531,0.25
41,0.06243196129798889,0.9766116142272949,0.9879646301269531,0.25
42,0.06141902878880501,0.97722327709198,0.9879646301269531,0.25
43,0.05950307101011276,0.9730372428894043,0.9879646301269531,0.25
44,0.06688252836465836,0.9800952672958374,0.9879646301269531,0.25
45,0.05805766582489014,0.9761412739753723,0.9879646301269531,0.25
46,0.06593059748411179,0.9713320732116699,0.9874603152275085,0.25
47,0.06139763444662094,0.975482165813446,0.9879646301269531,0.25
48,0.06155853345990181,0.9737499952316284,0.9879646301269531,0.25
49,0.060773395001888275,0.9750629663467407,0.9879646301269531,0.25
50,0.056982021778821945,0.9748290181159973,0.9879646301269531,0.25
51,0.056799620389938354,0.9734137654304504,0.9861976504325867,0.25
52,0.05705362558364868,0.9811546206474304,0.9879661798477173,0.25
53,0.053793806582689285,0.9786884188652039,0.9880157709121704,0.25
54,0.05086800456047058,0.9750426411628723,0.9881637692451477,0.25
55,0.05063344165682793,0.9763209223747253,0.9876983761787415,0.25
56,0.0499650239944458,0.980185329914093,0.9882652163505554,0.25
57,0.053276728838682175,0.9814248085021973,0.9880126714706421,0.25
58,0.052508942782878876,0.9745882749557495,0.9865509271621704,0.25
59,0.05655773729085922,0.9802650213241577,0.9879646301269531,0.25
60,0.05387965589761734,0.9785178303718567,0.9879646301269531,0.25
61,0.05298544093966484,0.9761075973510742,0.9879646301269531,0.25
62,0.050903089344501495,0.976418673992157,0.9884926080703735,0.25
63,0.05038871243596077,0.9780412912368774,0.9879722595214844,0.25
64,0.04941414296627045,0.9800137281417847,0.988477349281311,0.25
65,0.05109395459294319,0.981167197227478,0.9881927371025085,0.25
66,0.04982674866914749,0.9769183993339539,0.9880401492118835,0.25
67,0.04945383593440056,0.9791942834854126,0.9886490106582642,0.25
68,0.04845454916357994,0.9793438911437988,0.9886482357978821,0.25
69,0.04905940219759941,0.9789749979972839,0.988140881061554,0.25
70,0.05134502053260803,0.9812667965888977,0.9880874752998352,0.25
71,0.05037323385477066,0.9743873476982117,0.9879295229911804,0.25
72,0.049467869102954865,0.9786105155944824,0.9885803461074829,0.25
73,0.04847943037748337,0.9802206158638,0.9887787103652954,0.25
74,0.04826410859823227,0.9803180694580078,0.9885284304618835,0.25
75,0.04973677545785904,0.9817119836807251,0.9884811639785767,0.25
76,0.04698118194937706,0.9789426922798157,0.9894737005233765,0.25
77,0.06188133358955383,0.9704602956771851,0.9791733026504517,0.25
78,0.06577982008457184,0.9831172823905945,0.9879646301269531,0.25
79,0.06520790606737137,0.978376030921936,0.9879646301269531,0.25
80,0.06120290234684944,0.9745630025863647,0.9879646301269531,0.25
81,0.06064723804593086,0.9755867123603821,0.9879646301269531,0.25
82,0.060727059841156006,0.9747417569160461,0.9879646301269531,0.25
83,0.060614101588726044,0.9748400449752808,0.9879646301269531,0.25
84,0.06079557538032532,0.975380539894104,0.9879646301269531,0.25
85,0.06039034202694893,0.975066065788269,0.9879646301269531,0.25
86,0.06038631126284599,0.976098358631134,0.9879646301269531,0.25
87,0.060858793556690216,0.977807879447937,0.9879646301269531,0.25
88,0.06098907068371773,0.9784032702445984,0.9879646301269531,0.25
89,0.060213275253772736,0.9760788083076477,0.9879646301269531,0.25
90,0.06133691221475601,0.9717262983322144,0.9879646301269531,0.25
91,0.06123588606715202,0.9766109585762024,0.9879646301269531,0.25
92,0.061018217355012894,0.9793373942375183,0.9879646301269531,0.25
93,0.060927003622055054,0.9757097363471985,0.9879646301269531,0.25
94,0.06101548671722412,0.9744116067886353,0.9879646301269531,0.25
95,0.06035684421658516,0.9749817848205566,0.9879646301269531,0.25
96,0.059576135128736496,0.9750822186470032,0.9879646301269531,0.25
97,0.06067394092679024,0.9781435132026672,0.9879646301269531,0.25
98,0.05930304527282715,0.9775981903076172,0.9879646301269531,0.25
99,0.059904687106609344,0.9732555150985718,0.9879646301269531,0.25
100,0.05904688686132431,0.9749929308891296,0.9879646301269531,0.25
101,0.05886039882898331,0.9772574305534363,0.9879646301269531,0.25
102,0.05956372618675232,0.9748842120170593,0.9879646301269531,0.25
103,0.05821540206670761,0.9758583903312683,0.9879646301269531,0.25
104,0.05890341475605965,0.9781649708747864,0.9879646301269531,0.25
105,0.05828510597348213,0.9760928153991699,0.9879646301269531,0.25
106,0.05778691917657852,0.975943922996521,0.9879646301269531,0.25
107,0.060142867267131805,0.9800513982772827,0.9879646301269531,0.25
108,0.05930299684405327,0.97345370054245,0.9879646301269531,0.25
109,0.06026152893900871,0.9755905270576477,0.9879646301269531,0.25
110,0.05812562629580498,0.9811827540397644,0.9879646301269531,0.25
111,0.056711602956056595,0.974113941192627,0.9879646301269531,0.25
112,0.05716608092188835,0.9764545559883118,0.9879646301269531,0.25
113,0.05574280768632889,0.9738775491714478,0.9879646301269531,0.25
114,0.0578315332531929,0.9804692268371582,0.9879654049873352,0.25
115,0.054488200694322586,0.9773135185241699,0.9879661798477173,0.25
116,0.05640460178256035,0.9812148809432983,0.9879668951034546,0.25
117,0.0546884723007679,0.9712525606155396,0.9879242181777954,0.25
118,0.05621106177568436,0.9816872477531433,0.9879692196846008,0.25
119,0.056547485291957855,0.9703472852706909,0.9879005551338196,0.25
120,0.053714267909526825,0.9794708490371704,0.9879531860351562,0.25
121,0.05240851640701294,0.9833728671073914,0.9879714846611023,0.25
122,0.05637125298380852,0.9695591926574707,0.9879051446914673,0.25
123,0.053078681230545044,0.9790431261062622,0.9879592657089233,0.25
124,0.05232403427362442,0.9831735491752625,0.9880310297012329,0.25
125,0.057595737278461456,0.9649036526679993,0.9876915216445923,0.25
126,0.058310337364673615,0.9839954376220703,0.9879738092422485,0.25
127,0.05540803074836731,0.9787986874580383,0.9879570007324219,0.25
128,0.04738447070121765,0.9787250757217407,0.9879654049873352,0.25
129,0.05053852126002312,0.9834500551223755,0.9879821538925171,0.25
130,0.057017408311367035,0.9665291905403137,0.9872848391532898,0.25
131,0.06146962568163872,0.976455569267273,0.9878570437431335,0.25
132,0.05316926911473274,0.978919506072998,0.9878921508789062,0.25
133,0.049076445400714874,0.9822742342948914,0.9880142211914062,0.25
134,0.045751817524433136,0.9803031086921692,0.9880897402763367,0.25
135,0.046230703592300415,0.9805121421813965,0.9882568120956421,0.25
136,0.047837089747190475,0.9726425409317017,0.988067626953125,0.25
137,0.04530742019414902,0.9824471473693848,0.9883720278739929,0.2500009536743164
138,0.04294956848025322,0.9807934761047363,0.9887741208076477,0.25
139,0.04167788475751877,0.9819276928901672,0.9893295168876648,0.25
140,0.04114937037229538,0.9803420901298523,0.9895035028457642,0.25
141,0.040715839713811874,0.98338782787323,0.9899498224258423,0.25
142,0.04125433415174484,0.9782107472419739,0.9901321530342102,0.25
143,0.04528199881315231,0.9858959317207336,0.9883949160575867,0.2500014305114746
144,0.03940023109316826,0.98046875,0.9904006719589233,0.25
145,0.04086337611079216,0.9797595143318176,0.9899078607559204,0.25
146,0.03939097374677658,0.9787105321884155,0.9901703000068665,0.25
147,0.038747936487197876,0.9862045049667358,0.9901115298271179,0.25002002716064453
148,0.03957614302635193,0.9800087213516235,0.9898399114608765,0.25
149,0.040007997304201126,0.9818187952041626,0.989855170249939,0.25
150,0.04381493479013443,0.9817510843276978,0.9887077212333679,0.25
151,0.03716069087386131,0.9834948778152466,0.9909698367118835,0.25
152,0.03587045520544052,0.9828101396560669,0.9912818670272827,0.25
153,0.034788794815540314,0.9852598905563354,0.9909347295761108,0.25
154,0.03613363951444626,0.9819865226745605,0.9905281066894531,0.25
155,0.03477807343006134,0.9874598383903503,0.9905555844306946,0.25
156,0.03393936902284622,0.9820041656494141,0.9906265139579773,0.25
157,0.03533921763300896,0.9829306602478027,0.9911796450614929,0.25
158,0.03293013572692871,0.9852076768875122,0.9907256960868835,0.25
159,0.032585691660642624,0.984400749206543,0.9912391901016235,0.25
160,0.03908505290746689,0.9816945195198059,0.988690972328186,0.25
161,0.04632170498371124,0.9848530888557434,0.9881698489189148,0.25
162,0.03867093846201897,0.9815441966056824,0.9895965456962585,0.25
163,0.03632403165102005,0.9821357727050781,0.9903777837753296,0.25
164,0.03265131264925003,0.9851914644241333,0.9914947748184204,0.2500019073486328
165,0.030929559841752052,0.9851343035697937,0.9917060732841492,0.25000572204589844
166,0.028086503967642784,0.9871299862861633,0.9921470880508423,0.25
167,0.026005849242210388,0.9880943298339844,0.9925956726074219,0.25000858306884766
168,0.023644274100661278,0.9893515706062317,0.9931777715682983,0.2500004768371582
169,0.027132218703627586,0.9865620732307434,0.9920570254325867,0.25
170,0.027904804795980453,0.9889541864395142,0.9916900396347046,0.25000953674316406
171,0.0327787883579731,0.983269214630127,0.9887016415596008,0.25
172,0.030249381437897682,0.9879255294799805,0.9916297793388367,0.2500004768371582
173,0.028748581185936928,0.9850366711616516,0.9915626645088196,0.25000667572021484
174,0.024842318147420883,0.9889421463012695,0.993024468421936,0.25009727478027344
175,0.023294616490602493,0.988885223865509,0.993181586265564,0.2500185966491699
176,0.021603811532258987,0.9910128712654114,0.9939521551132202,0.25000762939453125
177,0.02171989716589451,0.9901484251022339,0.9939117431640625,0.2500157356262207
178,0.019796419888734818,0.9907218217849731,0.9945533871650696,0.25018978118896484
179,0.019852004945278168,0.9910637736320496,0.9943550229072571,0.2508493661880493
180,0.02248898707330227,0.989398181438446,0.9932487607002258,0.25361940264701843
181,0.01973932608962059,0.9914250373840332,0.994366466999054,0.25214746594429016
182,0.01884966716170311,0.9909592866897583,0.9945617914199829,0.2521560490131378
183,0.017992470413446426,0.9918978810310364,0.9950393438339233,0.2539898753166199
184,0.017847593873739243,0.9917455911636353,0.994921088218689,0.2572167217731476
185,0.01748514361679554,0.9924535751342773,0.9951118230819702,0.26045316457748413
186,0.01820608600974083,0.9905759692192078,0.9944862127304077,0.2638688087463379
187,0.017110925167798996,0.9926160573959351,0.9950889348983765,0.26532813906669617
188,0.01664113439619541,0.9922283291816711,0.9949318170547485,0.2625690996646881
189,0.01831650175154209,0.9915844202041626,0.9945213198661804,0.26709550619125366
190,0.021542800590395927,0.990303635597229,0.9935013055801392,0.2732527256011963
191,0.027830028906464577,0.988536536693573,0.9911178350448608,0.27711915969848633
192,0.030306320637464523,0.9848432540893555,0.990186333656311,0.27813589572906494
193,0.02438805066049099,0.987623393535614,0.9923286437988281,0.29797908663749695
194,0.019638024270534515,0.9909957647323608,0.9941703677177429,0.27933013439178467
195,0.01847195252776146,0.9903860092163086,0.9943161010742188,0.2711331248283386
196,0.017321903258562088,0.9918420910835266,0.9950050115585327,0.2780420482158661
197,0.016482006758451462,0.9924553632736206,0.995318591594696,0.28420257568359375
198,0.016112742945551872,0.9925373792648315,0.995404839515686,0.2884557247161865
199,0.01577039621770382,0.9920176267623901,0.9953552484512329,0.285978764295578
200,0.014898858964443207,0.9931027293205261,0.9956672787666321,0.28651297092437744
201,0.014476118609309196,0.9929426312446594,0.9957023859024048,0.28896331787109375
202,0.014422738924622536,0.9932510256767273,0.9957809448242188,0.29322725534439087
203,0.014425362460315228,0.9929972887039185,0.9955726861953735,0.29667502641677856
204,0.015366582199931145,0.9928847551345825,0.995330810546875,0.29631033539772034
205,0.015285667963325977,0.9922629594802856,0.9949966669082642,0.29639849066734314
206,0.014185374602675438,0.993827223777771,0.9957839846611023,0.29931768774986267
207,0.013842719607055187,0.9929593205451965,0.99566650390625,0.2997826039791107
208,0.014124651439487934,0.9931901693344116,0.9956558346748352,0.3009488880634308
209,0.014464201405644417,0.9931085705757141,0.9953506588935852,0.30133354663848877
210,0.013528736308217049,0.9938678741455078,0.9958953857421875,0.30043530464172363
211,0.013612071052193642,0.9928892254829407,0.9957565069198608,0.30370283126831055
212,0.013095563277602196,0.9941591024398804,0.9960693120956421,0.30643805861473083
213,0.013103638775646687,0.9933830499649048,0.9959907531738281,0.305538147687912
214,0.01261321734637022,0.994327187538147,0.9961754083633423,0.3081074059009552
215,0.012595896609127522,0.993867039680481,0.9961700439453125,0.3089219927787781
216,0.012448551133275032,0.9941767454147339,0.996167004108429,0.30923768877983093
217,0.012389222159981728,0.9939997792243958,0.9961379766464233,0.31088727712631226
218,0.011960099451243877,0.9942322969436646,0.996337890625,0.31475862860679626
219,0.012371020391583443,0.994175136089325,0.9960594177246094,0.316913366317749
220,0.012106640264391899,0.9942309260368347,0.9963386654853821,0.3146279752254486
221,0.012977768667042255,0.9934121370315552,0.99591064453125,0.31083810329437256
222,0.01369563303887844,0.9937485456466675,0.9955917596817017,0.31579065322875977
223,0.012288670986890793,0.9938356280326843,0.9961471557617188,0.3101806342601776
224,0.011896489188075066,0.9940455555915833,0.9962432980537415,0.31083959341049194
225,0.012391265481710434,0.9939876794815063,0.9959182739257812,0.3176046311855316
226,0.013835908845067024,0.9938449859619141,0.995617687702179,0.32193928956985474
227,0.014270124025642872,0.9920586347579956,0.9950675964355469,0.32392749190330505
228,0.013738850131630898,0.9942744970321655,0.9958503842353821,0.3153362572193146
229,0.013452986255288124,0.9926347732543945,0.9954757690429688,0.3092464804649353
230,0.012171375565230846,0.9944807887077332,0.9962409734725952,0.31236106157302856
231,0.01149054430425167,0.9935835599899292,0.9961754083633423,0.3128510117530823
232,0.01083673071116209,0.9947932362556458,0.9965858459472656,0.31662067770957947
233,0.010648330673575401,0.9946540594100952,0.9963897466659546,0.32223689556121826
234,0.010301307775080204,0.9948657155036926,0.9966087341308594,0.3295091688632965
235,0.010117296129465103,0.9949222803115845,0.9965972900390625,0.3350861668586731
236,0.010111692361533642,0.9946654438972473,0.9965659976005554,0.33643245697021484
237,0.010067379102110863,0.9952586889266968,0.996777355670929,0.34206080436706543
238,0.009875210002064705,0.9944953918457031,0.9967071413993835,0.3409552574157715
239,0.009828111156821251,0.9952718615531921,0.9967292547225952,0.33644378185272217
240,0.010002312250435352,0.9946087002754211,0.9964996576309204,0.3355826437473297
241,0.009939825162291527,0.9952878952026367,0.9967185854911804,0.34245169162750244
242,0.010312640108168125,0.9944819211959839,0.9963897466659546,0.34916630387306213
243,0.009597068652510643,0.9951359033584595,0.9967743158340454,0.35378509759902954
244,0.009607719257473946,0.9949764013290405,0.9966636896133423,0.3498535752296448
245,0.009991162456572056,0.9953916668891907,0.996569812297821,0.35475409030914307
246,0.01303416769951582,0.9933670163154602,0.995349109172821,0.35607826709747314
247,0.013999762944877148,0.9921470880508423,0.9950218200683594,0.3470217287540436
248,0.01293763518333435,0.9943331480026245,0.9956367611885071,0.3559668958187103
249,0.011608208529651165,0.9936588406562805,0.9959266781806946,0.3392166495323181
250,0.010285360738635063,0.9942665100097656,0.9964202642440796,0.34945017099380493
251,0.009447493590414524,0.9952126741409302,0.9967536926269531,0.3563084304332733
252,0.009207172319293022,0.9949212074279785,0.9967384338378906,0.3620336651802063
253,0.009682788513600826,0.9950812458992004,0.9965804815292358,0.3605254292488098
254,0.009138846769928932,0.9951569437980652,0.9967849850654602,0.3559837341308594
255,0.00821289699524641,0.9955185055732727,0.9971069097518921,0.362534761428833
256,0.007845364511013031,0.9956881403923035,0.9972015619277954,0.3715350031852722
257,0.007692691870033741,0.9958718419075012,0.9972427487373352,0.3832666277885437
258,0.00737578934058547,0.995881199836731,0.9973465204238892,0.38557112216949463
259,0.007469662465155125,0.9960088729858398,0.9973922967910767,0.38800811767578125
260,0.007133138366043568,0.9961516261100769,0.9973465204238892,0.39115312695503235
261,0.007759972475469112,0.9956384897232056,0.9971061944961548,0.38959065079689026
262,0.008449865505099297,0.9959805607795715,0.9970138669013977,0.4026916027069092
263,0.009220888838171959,0.9953269958496094,0.9968284368515015,0.391385555267334
264,0.009836874902248383,0.9944093823432922,0.9963409304618835,0.3749139606952667
265,0.008358377031981945,0.9956957101821899,0.997057318687439,0.38160014152526855
266,0.007808578200638294,0.9957063794136047,0.9971755743026733,0.39190465211868286
267,0.0069827726110816,0.9962552189826965,0.9975174069404602,0.3931958079338074
268,0.007142063230276108,0.9961320757865906,0.9974640011787415,0.3967142105102539
269,0.007042293436825275,0.9960566759109497,0.9973228573799133,0.393708735704422
270,0.006943066604435444,0.9963623881340027,0.9974952936172485,0.404574990272522
271,0.0072223590686917305,0.9959781765937805,0.9972785711288452,0.40055525302886963
272,0.007211546413600445,0.996288001537323,0.9973770380020142,0.3980809450149536
273,0.008259609341621399,0.9953993558883667,0.996961236000061,0.39156726002693176
274,0.007953735068440437,0.996137797832489,0.9972168207168579,0.4051953852176666
275,0.007159057073295116,0.9958515167236328,0.9973648190498352,0.4013484716415405
276,0.006527754478156567,0.9963601231575012,0.9976204037666321,0.39700251817703247
277,0.006118512712419033,0.9964888691902161,0.9976966977119446,0.40216967463493347
278,0.006357074715197086,0.996720016002655,0.9976867437362671,0.4256666600704193
279,0.006320795509964228,0.9963071942329407,0.99761962890625,0.4216914772987366
280,0.006007072515785694,0.9967241287231445,0.9977661371231079,0.42485955357551575
281,0.005741667468100786,0.9966503381729126,0.9978401064872742,0.42453068494796753
282,0.005584261380136013,0.9968581199645996,0.9979454278945923,0.43774282932281494
283,0.0055396668612957,0.9969053268432617,0.9978416562080383,0.4536464810371399
284,0.005939532071352005,0.996768593788147,0.9978049993515015,0.45185109972953796
285,0.005475298501551151,0.9969175457954407,0.9978713989257812,0.44876834750175476
286,0.005834783893078566,0.9966832995414734,0.9977477788925171,0.44213399291038513
287,0.005648224148899317,0.9969314336776733,0.9977775812149048,0.47832658886909485
288,0.006388229783624411,0.9965324401855469,0.9977218508720398,0.44984298944473267
289,0.005759981460869312,0.996746838092804,0.9977920651435852,0.43623191118240356
290,0.007330454885959625,0.9965699315071106,0.997545599937439,0.49583861231803894
291,0.006864582654088736,0.9962370991706848,0.997363269329071,0.41297024488449097
292,0.007041395641863346,0.9963129758834839,0.9975593686103821,0.37826254963874817
293,0.006160458084195852,0.9965612292289734,0.9976943731307983,0.3967650532722473
294,0.005984001327306032,0.9966138005256653,0.9976638555526733,0.385794997215271
295,0.005434038583189249,0.9968503713607788,0.9979308843612671,0.41118746995925903
296,0.005160636268556118,0.996947169303894,0.9979820251464844,0.4352067708969116
297,0.005030513275414705,0.9971193075180054,0.9980819821357727,0.4397856295108795
298,0.0050994521006941795,0.9970369338989258,0.9979957342147827,0.44331783056259155
299,0.005287453532218933,0.99714195728302,0.9979537725448608,0.45058339834213257
300,0.00515337847173214,0.9969414472579956,0.9979041814804077,0.43560469150543213
301,0.0053698280826210976,0.9969204664230347,0.9979103207588196,0.4399403929710388
302,0.0056174201890826225,0.996924102306366,0.9977348446846008,0.4493612051010132
303,0.006393750663846731,0.99650639295578,0.9975219964981079,0.4428558945655823
304,0.006286948919296265,0.9968336224555969,0.997528076171875,0.44522804021835327
305,0.006179846823215485,0.9963316917419434,0.9975479245185852,0.41871410608291626
306,0.00578850694000721,0.9968017339706421,0.9977691769599915,0.4368966519832611
307,0.005314193200320005,0.9966930150985718,0.997906506061554,0.447737455368042
308,0.005713216960430145,0.9969749450683594,0.9977432489395142,0.4566601812839508
309,0.005504729691892862,0.9966503977775574,0.997821033000946,0.43632447719573975
310,0.005621922668069601,0.9969955682754517,0.997815728187561,0.4707646369934082
311,0.0056295087561011314,0.9967938661575317,0.9977310299873352,0.4852830171585083
312,0.005546195898205042,0.9969442486763,0.9978446960449219,0.47931379079818726
313,0.0053517925553023815,0.9966742396354675,0.9977782964706421,0.4421888589859009
314,0.005196755286306143,0.9971446990966797,0.9979621767997742,0.45122718811035156
315,0.004668141715228558,0.9971721768379211,0.9981033205986023,0.4571983516216278
316,0.004484325647354126,0.9973623156547546,0.9982109069824219,0.4686262011528015
317,0.004326274152845144,0.9974362254142761,0.9982635378837585,0.47904345393180847
318,0.004337535239756107,0.9974721074104309,0.9982566833496094,0.4930287003517151
319,0.0043059708550572395,0.9974463582038879,0.9983009099960327,0.5025481581687927
320,0.004375196062028408,0.9974182844161987,0.9982551336288452,0.496755450963974
321,0.004443264566361904,0.9974902868270874,0.9982650876045227,0.4984409213066101
322,0.004203352611511946,0.9975016713142395,0.9983054995536804,0.5059556365013123
323,0.004267998971045017,0.9975050687789917,0.9982284307479858,0.5154309272766113
324,0.0042680399492383,0.9974991083145142,0.9982849359512329,0.5024832487106323
325,0.0041394345462322235,0.9975603818893433,0.9983490109443665,0.5108826756477356
326,0.004076305311173201,0.9976134300231934,0.998370349407196,0.5208057165145874
327,0.004054225515574217,0.9975984692573547,0.9983451962471008,0.5265228152275085
328,0.0042322236113250256,0.997551441192627,0.9982703924179077,0.5259149074554443
329,0.004514848813414574,0.997536301612854,0.998211681842804,0.540595293045044
330,0.004872406367212534,0.9972425699234009,0.9980384707450867,0.5103325843811035
331,0.0041453419253230095,0.9974796175956726,0.9983856081962585,0.5050749778747559
332,0.004623054061084986,0.997406005859375,0.9981575012207031,0.5085523724555969
333,0.004599281586706638,0.997364342212677,0.998211681842804,0.5040018558502197
334,0.004359958227723837,0.997543215751648,0.9982879757881165,0.5217931270599365
335,0.004572170786559582,0.9973837733268738,0.9981445074081421,0.5086963772773743
336,0.004380397032946348,0.9975053071975708,0.9981971979141235,0.5154575109481812
337,0.004373875446617603,0.9973871111869812,0.9982658624649048,0.5231292247772217
338,0.0041767023503780365,0.9975879788398743,0.9983406066894531,0.5294749140739441
339,0.004029755014926195,0.9976007342338562,0.9984054565429688,0.5107640027999878
340,0.004058704245835543,0.9975659251213074,0.998369574546814,0.5168904066085815
341,0.004098487552255392,0.9976934194564819,0.998339056968689,0.5387941002845764
342,0.004194313194602728,0.9975109100341797,0.9983230829238892,0.5277242660522461
343,0.004060148261487484,0.9977185130119324,0.9983848333358765,0.5354850888252258
344,0.003902895376086235,0.9976764917373657,0.9984176754951477,0.540690004825592
345,0.004035370424389839,0.9976421594619751,0.9984184503555298,0.5549013614654541
346,0.00405339989811182,0.9976555705070496,0.9983596801757812,0.5644477605819702
347,0.004055238328874111,0.9976989030838013,0.9983543157577515,0.5482944250106812
348,0.0040954286232590675,0.9975994229316711,0.9983329772949219,0.5529731512069702
349,0.004668746143579483,0.9974625706672668,0.998150646686554,0.5575740337371826
350,0.005029321648180485,0.997174084186554,0.9979904294013977,0.5317344069480896
351,0.004999953787773848,0.9973071217536926,0.99798583984375,0.5099102854728699
352,0.004621296655386686,0.997223973274231,0.9981826543807983,0.48736143112182617
353,0.00568557670339942,0.9969139099121094,0.9977401494979858,0.5070276856422424
354,0.005103652365505695,0.9972713589668274,0.997998058795929,0.5342605113983154
355,0.004760820418596268,0.9971469640731812,0.9980834722518921,0.5184307098388672
356,0.0043931035324931145,0.9975277781486511,0.9982460141181946,0.5248656272888184
357,0.0052194977179169655,0.9971580505371094,0.9980239868164062,0.5035132765769958
358,0.004441911820322275,0.9974786043167114,0.9982277154922485,0.4358947277069092
359,0.0041680168360471725,0.9974713325500488,0.9983505010604858,0.45109426975250244
360,0.003902984317392111,0.9976902008056641,0.9984191656112671,0.46332114934921265
361,0.003914113622158766,0.9976747632026672,0.9984070062637329,0.49588823318481445
362,0.003987763077020645,0.9976736903190613,0.9983733892440796,0.5016167163848877
363,0.004014383070170879,0.9976527094841003,0.9983871579170227,0.48947709798812866
364,0.003940868191421032,0.9977210164070129,0.9984115362167358,0.49490886926651
365,0.0037926319055259228,0.9977499842643738,0.998461127281189,0.49612024426460266
366,0.0036730547435581684,0.9977934956550598,0.9984947443008423,0.5135665535926819
367,0.003611405845731497,0.9979006052017212,0.9985488653182983,0.5479075312614441
368,0.0037333578802645206,0.997776210308075,0.9984580874443054,0.5368382930755615
369,0.004028938710689545,0.9977357983589172,0.9983733892440796,0.527168333530426
370,0.0041200206615030766,0.9975887537002563,0.9982665777206421,0.519996702671051
371,0.003807827364653349,0.9977170825004578,0.9984046816825867,0.5153491497039795
372,0.003991300240159035,0.9977717399597168,0.9984016418457031,0.5281247496604919
373,0.0038461070507764816,0.9977310299873352,0.998400866985321,0.5293529033660889
374,0.003852616995573044,0.9977931976318359,0.9984703063964844,0.5358898639678955
375,0.0036549989599734545,0.9978199005126953,0.9985252618789673,0.5367077589035034
376,0.003492054296657443,0.997931957244873,0.9985618591308594,0.5417065620422363
377,0.0034366685431450605,0.9979589581489563,0.9986190795898438,0.5598208904266357
378,0.003525273874402046,0.9979037046432495,0.9985550045967102,0.5565938353538513
379,0.0037831724621355534,0.9978863596916199,0.9984901547431946,0.5666152238845825
380,0.004282279871404171,0.9977422952651978,0.9982582330703735,0.579329252243042
381,0.004588451236486435,0.9973157644271851,0.998151421546936,0.5197756886482239
382,0.005234892480075359,0.997482180595398,0.9979942440986633,0.5320425033569336
383,0.005745289381593466,0.9969674944877625,0.9977729916572571,0.4888840317726135
384,0.0047537051141262054,0.9972718954086304,0.9980819821357727,0.46651691198349
385,0.004190734121948481,0.997423529624939,0.9983413815498352,0.5164151191711426
386,0.004015286453068256,0.9975139498710632,0.9983894228935242,0.5130416750907898
387,0.003921913914382458,0.9976996183395386,0.9983497858047485,0.5328571200370789
388,0.0036548678763210773,0.9977678060531616,0.9984802007675171,0.5441850423812866
389,0.003440028754994273,0.9979391098022461,0.9986000061035156,0.5500019788742065
390,0.003428742289543152,0.9978898167610168,0.9985801577568054,0.5569777488708496
391,0.003481521038338542,0.9979958534240723,0.9985710382461548,0.5948387384414673
392,0.0034217964857816696,0.9979232549667358,0.9986114501953125,0.5578456521034241
393,0.003871810156852007,0.9978474378585815,0.9984420537948608,0.5447518825531006
394,0.003685862524434924,0.9978616833686829,0.9985114932060242,0.543776273727417
395,0.003604563418775797,0.9979368448257446,0.9985267519950867,0.5515021085739136
396,0.0032506019342690706,0.9979895353317261,0.9986297488212585,0.5489036440849304
397,0.003278637770563364,0.9980295896530151,0.9986366033554077,0.5731770992279053
398,0.0032614499796181917,0.9980080723762512,0.9986518621444702,0.5796641111373901
399,0.0032443120144307613,0.998077392578125,0.9986854791641235,0.5970965623855591
400,0.00319247180595994,0.9981223940849304,0.9986869692802429,0.6216709613800049
401,0.003325094934552908,0.9980257153511047,0.9986060857772827,0.6198320388793945
402,0.0037196159828454256,0.9979594945907593,0.998504638671875,0.6188445091247559
403,0.0038588731549680233,0.9977521896362305,0.9984207153320312,0.581417977809906
404,0.003912008833140135,0.9978788495063782,0.9984070062637329,0.6029614806175232
405,0.0039240531623363495,0.9977062344551086,0.9984428286552429,0.5866905450820923
406,0.0037814329843968153,0.9978106617927551,0.9984283447265625,0.5756875276565552
407,0.003501780331134796,0.9978970289230347,0.9985687136650085,0.545254111289978
408,0.0033328626304864883,0.9979875683784485,0.9986327886581421,0.5617682933807373
409,0.0032389797270298004,0.9980904459953308,0.9986816644668579,0.6080141067504883
410,0.0031467429362237453,0.9981293678283691,0.9987251162528992,0.6172093152999878
411,0.0030408580787479877,0.9981309175491333,0.9987297058105469,0.6234984397888184
412,0.00308052496984601,0.9981649518013,0.9987190365791321,0.6291106343269348
413,0.003245265455916524,0.9980899691581726,0.9986503720283508,0.6245604753494263
414,0.0031509404070675373,0.9980897903442383,0.9986861944198608,0.6292147636413574
415,0.0031683542765676975,0.9981580972671509,0.9986740350723267,0.6310075521469116
416,0.003155988175421953,0.9981427192687988,0.9986602663993835,0.6458619236946106
417,0.003115240950137377,0.9981313943862915,0.9987114071846008,0.6435533165931702
418,0.0030149384401738644,0.9982212781906128,0.9987754821777344,0.6415212154388428
419,0.0032022944651544094,0.9980937838554382,0.9986740350723267,0.646670937538147
420,0.0033223305363208055,0.9980478286743164,0.9986221194267273,0.6472564935684204
421,0.0030908561311662197,0.9981604814529419,0.9987243413925171,0.6368827819824219
422,0.0029735814314335585,0.998210072517395,0.9987907409667969,0.6578078269958496
423,0.0031953477300703526,0.9981414675712585,0.9986435174942017,0.6663715839385986
424,0.003321530995890498,0.9981180429458618,0.9986594915390015,0.6494414806365967
425,0.003105136100202799,0.9981555938720703,0.9987243413925171,0.6389602422714233
426,0.003296406241133809,0.9980953335762024,0.9986228942871094,0.672585666179657
427,0.003174147102981806,0.9981073141098022,0.9986892938613892,0.6402229070663452
428,0.003179193241521716,0.9980959892272949,0.9986801147460938,0.6263006925582886
429,0.003100630361586809,0.9982032775878906,0.9987556338310242,0.6447691917419434
430,0.0031232009641826153,0.998139500617981,0.9986931085586548,0.6373197436332703
431,0.003280438482761383,0.9980970621109009,0.998639702796936,0.6337625980377197
432,0.0031509287655353546,0.998155415058136,0.9986724853515625,0.6154993772506714
433,0.0032141052652150393,0.9981014132499695,0.9986320734024048,0.6228773593902588
434,0.0034201692324131727,0.9980823397636414,0.9985877871513367,0.6337120532989502
435,0.003615172114223242,0.9979948997497559,0.9985343813896179,0.630964994430542
436,0.004004098940640688,0.9976902008056641,0.9983237981796265,0.6264809966087341
437,0.0035973466001451015,0.9980617761611938,0.9985572695732117,0.652137041091919
438,0.0031841876916587353,0.9980109333992004,0.9987190365791321,0.5952692031860352
439,0.003117516404017806,0.9981318712234497,0.9986931085586548,0.6289362907409668
440,0.002966452855616808,0.9981358647346497,0.9987472295761108,0.633341372013092
441,0.0028956180904060602,0.998247504234314,0.998797595500946,0.6452299952507019
442,0.003055622335523367,0.9981815218925476,0.9987220764160156,0.6562478542327881
443,0.0032074551563709974,0.9981697201728821,0.9986656308174133,0.6625808477401733
444,0.003568669781088829,0.9978839755058289,0.9985359311103821,0.600021481513977
445,0.0032641582656651735,0.9981355667114258,0.9986831545829773,0.6278345584869385
446,0.003457214217633009,0.997996985912323,0.9985641241073608,0.6011295318603516
447,0.0033211037516593933,0.9981228709220886,0.9986335635185242,0.6137407422065735
448,0.003589045722037554,0.9980095624923706,0.9985557794570923,0.611203134059906
449,0.004092100076377392,0.9977113008499146,0.9983100891113281,0.6301978826522827
450,0.0043700640089809895,0.9978258013725281,0.9983047246932983,0.6338585019111633
451,0.0049073523841798306,0.9973313212394714,0.9980209469795227,0.5434134602546692
452,0.005404490511864424,0.9973112940788269,0.9980171322822571,0.5327086448669434
453,0.008058778941631317,0.9963949918746948,0.9973236322402954,0.44738930463790894
454,0.005725226830691099,0.996795654296875,0.9977523684501648,0.42970943450927734
455,0.0063069770112633705,0.9967015981674194,0.997602105140686,0.4473460912704468
456,0.004612255375832319,0.9970669746398926,0.998120129108429,0.40600529313087463
457,0.0038351621478796005,0.997562050819397,0.9984474182128906,0.45575150847435
458,0.0034149526618421078,0.9978954195976257,0.9985870122909546,0.5174300670623779
459,0.003192430827766657,0.9979875683784485,0.9986656308174133,0.5446029901504517
460,0.003122484777122736,0.9980610013008118,0.9987167119979858,0.5730280876159668
461,0.003025653539225459,0.9981403350830078,0.9987289309501648,0.5912753939628601
462,0.002999603282660246,0.9981352686882019,0.9987426996231079,0.5858548879623413
463,0.0030454969964921474,0.9981803894042969,0.998731255531311,0.6080973744392395
464,0.003056364133954048,0.9981280565261841,0.9987556338310242,0.5900077819824219
465,0.003005681559443474,0.9982022047042847,0.9987251162528992,0.6066803932189941
466,0.0029972647316753864,0.9981748461723328,0.9987289309501648,0.6143410205841064
467,0.0028112302534282207,0.9982813596725464,0.9988067746162415,0.6357786059379578
468,0.002893150318413973,0.9982433319091797,0.9987869262695312,0.6336223483085632
469,0.0028320273850113153,0.9983162879943848,0.9988418817520142,0.6426711082458496
470,0.0028508836403489113,0.9982995986938477,0.998822808265686,0.6477116942405701
471,0.0027765226550400257,0.9982941746711731,0.9988120794296265,0.6443582773208618
472,0.002734373789280653,0.9983358383178711,0.9988517761230469,0.652618944644928
473,0.0029008258134126663,0.9982770085334778,0.9987571835517883,0.6527665853500366
474,0.002837063279002905,0.9982921481132507,0.9988006353378296,0.6539815664291382
475,0.0029358514584600925,0.9982721209526062,0.998766303062439,0.6799029111862183
476,0.0030318088829517365,0.9982285499572754,0.9987258911132812,0.6601789593696594
477,0.003392387181520462,0.9981291890144348,0.9986473321914673,0.6414334177970886
478,0.0030890849884599447,0.9981831312179565,0.9987465143203735,0.6125925183296204
479,0.0032062772661447525,0.9981186985969543,0.9986633062362671,0.6071826219558716
480,0.0028648595325648785,0.9982922673225403,0.9988105893135071,0.6233325600624084
481,0.0029583123978227377,0.9982166290283203,0.9987319707870483,0.6364653706550598
482,0.0027083144523203373,0.9983242750167847,0.9988471865653992,0.6539074182510376
483,0.0027558309957385063,0.9983641505241394,0.9988441467285156,0.6652256846427917
484,0.002713045570999384,0.9983518719673157,0.9988594055175781,0.6626358032226562
485,0.0029131383635103703,0.9982584714889526,0.9987594485282898,0.6644718647003174
486,0.0031009619124233723,0.9982905387878418,0.9987220764160156,0.68425053358078
487,0.0029054880142211914,0.9982306361198425,0.9987823367118835,0.6633481979370117
488,0.002914066892117262,0.9983057975769043,0.998809814453125,0.67978835105896
489,0.002742648357525468,0.9982797503471375,0.9988540410995483,0.6485651731491089
490,0.0026935699861496687,0.9983649253845215,0.998883068561554,0.6487777233123779
491,0.002659000689163804,0.9984074831008911,0.998919665813446,0.67534339427948
492,0.0026805787347257137,0.9983620643615723,0.9988822937011719,0.6764180660247803
493,0.0025422824546694756,0.9984550476074219,0.9989242553710938,0.7002156972885132
494,0.0026637741830199957,0.9984124302864075,0.9988807439804077,0.6992818117141724
495,0.002830096520483494,0.9983898997306824,0.9988425970077515,0.7049521207809448
496,0.002809617668390274,0.9983528256416321,0.9988037347793579,0.6955044865608215
497,0.0033730268478393555,0.9981721043586731,0.9986435174942017,0.6837006211280823
498,0.0035269800573587418,0.9980661273002625,0.9985504150390625,0.6716997623443604
499,0.008086688816547394,0.9971356391906738,0.997728705406189,0.6230082511901855
500,0.008481960743665695,0.9958861470222473,0.9969993829727173,0.4908411502838135
501,0.015988152474164963,0.9918826818466187,0.9941131472587585,0.4660215377807617
502,0.02046959660947323,0.9935615658760071,0.9947754144668579,0.35036128759384155
503,0.018233396112918854,0.991006076335907,0.9941787719726562,0.25876039266586304
504,0.01656937040388584,0.9911798238754272,0.9945526123046875,0.28976139426231384
505,0.012600503861904144,0.9939266443252563,0.9958732724189758,0.35546132922172546
506,0.009388869628310204,0.9947851300239563,0.9968253970146179,0.3111681640148163
507,0.007295680232346058,0.9956116676330566,0.9974304437637329,0.2661491334438324
508,0.00560607248917222,0.9965893626213074,0.9979820251464844,0.30431464314460754
509,0.004963607527315617,0.9970391988754272,0.9980491399765015,0.33119839429855347
510,0.004509741440415382,0.9973565340042114,0.9982490539550781,0.3577537536621094
511,0.0041387141682207584,0.9973694682121277,0.998333752155304,0.36387139558792114
512,0.003894601482897997,0.9977143406867981,0.9984657168388367,0.40771037340164185
513,0.003595640417188406,0.997775673866272,0.9985275268554688,0.4399147629737854
514,0.0035955184139311314,0.9978753924369812,0.9984954595565796,0.47616487741470337
515,0.003411882324144244,0.9979192614555359,0.9986221194267273,0.4631843566894531
516,0.0032673452515155077,0.9980021715164185,0.9986404180526733,0.482738196849823
517,0.003108266042545438,0.9980452656745911,0.99871826171875,0.49520808458328247
518,0.003018036251887679,0.9981412887573242,0.9987648129463196,0.5281092524528503
519,0.0030599460005760193,0.9981582760810852,0.9987213015556335,0.5436021685600281
520,0.0030148043297231197,0.9981733560562134,0.9987571835517883,0.5504153370857239
521,0.0029751770198345184,0.9982187151908875,0.9987564086914062,0.5653049945831299
522,0.0029553130734711885,0.9981865882873535,0.9987434148788452,0.5633636116981506
523,0.0028495353180915117,0.9982333183288574,0.9988212585449219,0.5674178600311279
524,0.0029601159039884806,0.9982446432113647,0.9987586736679077,0.5883387327194214
525,0.0029652100056409836,0.9982261657714844,0.9987579584121704,0.5866225957870483
526,0.0028820892330259085,0.9982150793075562,0.9987838864326477,0.5719507932662964
527,0.0028039133176207542,0.9983242750167847,0.9988479614257812,0.5968377590179443
528,0.002799846464768052,0.9983137249946594,0.998822808265686,0.5954500436782837
529,0.0027603500057011843,0.9983322024345398,0.998852550983429,0.6056145429611206
530,0.0028154179453849792,0.9982765316963196,0.998809814453125,0.6028449535369873
531,0.002757337177172303,0.99834805727005,0.9988632202148438,0.6225125789642334
532,0.0027844037394970655,0.9983223676681519,0.998828113079071,0.6109259128570557
533,0.0027230014093220234,0.9983667135238647,0.9988563656806946,0.6320847272872925
534,0.002858453895896673,0.9983029365539551,0.998792290687561,0.6218721866607666
535,0.00339303957298398,0.9981886148452759,0.9986168146133423,0.6319876909255981
536,0.0043169050477445126,0.997780978679657,0.998308539390564,0.5459940433502197
537,0.006653835531324148,0.9967350959777832,0.9975296258926392,0.49739769101142883
538,0.0076990812085568905,0.9967145919799805,0.9973182678222656,0.47196775674819946
539,0.0057255858555436134,0.9967669248580933,0.997754693031311,0.43839776515960693
540,0.004952567629516125,0.9972792863845825,0.9981757998466492,0.407489538192749
541,0.004788439255207777,0.9969956278800964,0.9981521368026733,0.37267959117889404
542,0.004522758536040783,0.9975261688232422,0.998156726360321,0.4312747120857239
543,0.004255909938365221,0.9973753094673157,0.9982093572616577,0.44663864374160767
544,0.003906711004674435,0.9977872967720032,0.9983924627304077,0.4890413284301758
545,0.003330289153382182,0.9978276491165161,0.998644232749939,0.47549742460250854
546,0.0031001551542431116,0.9980579614639282,0.99871826171875,0.5210912823677063
547,0.002965315245091915,0.9981657862663269,0.9987846612930298,0.5598535537719727
548,0.002766462042927742,0.9982582330703735,0.9988334774971008,0.5692881345748901
549,0.002771595027297735,0.9983066320419312,0.9988441467285156,0.5850544571876526
550,0.0027190265245735645,0.9983251690864563,0.9988807439804077,0.589063823223114
551,0.0026421344373375177,0.9983617067337036,0.9989166259765625,0.6074250936508179
552,0.0026335320435464382,0.9983705282211304,0.9988632202148438,0.6204254627227783
553,0.002617867663502693,0.9984130859375,0.9989258050918579,0.6334208250045776
554,0.002634075004607439,0.9984100461006165,0.9988929629325867,0.6379786729812622
555,0.0025615650229156017,0.9984143972396851,0.9989166259765625,0.6372150182723999
556,0.0025771078653633595,0.9984312057495117,0.9989227056503296,0.6473085880279541
557,0.0025660605169832706,0.998466968536377,0.9989181756973267,0.6638648509979248
558,0.0026375879533588886,0.9984093904495239,0.9989097714424133,0.6483240127563477
559,0.0026630824431777,0.9984323382377625,0.9988723993301392,0.6673425436019897
560,0.002772253705188632,0.9983499646186829,0.9988449215888977,0.6464568972587585
561,0.002900599967688322,0.9983550906181335,0.9987510442733765,0.6519981622695923
562,0.003022429533302784,0.9982698559761047,0.9987602233886719,0.6283613443374634
563,0.002916204510256648,0.9983547925949097,0.9988082647323608,0.6484901309013367
564,0.002706792438402772,0.998312771320343,0.9988510012626648,0.6055855751037598
565,0.002647179877385497,0.9984051585197449,0.9988845586776733,0.6216952800750732
566,0.0025387878995388746,0.9984241724014282,0.9989234805107117,0.6306437253952026
567,0.002528518671169877,0.9984732866287231,0.9989258050918579,0.6609843969345093
568,0.0025725895538926125,0.9984117746353149,0.9989097714424133,0.6452071666717529
569,0.002500195289030671,0.9984857439994812,0.9989517331123352,0.6683571338653564
570,0.002449702238664031,0.9985108375549316,0.9989646673202515,0.6725379228591919
571,0.0024458139669150114,0.9985232353210449,0.9989776611328125,0.6729633808135986
572,0.0024479753337800503,0.9985194206237793,0.9990013241767883,0.672791063785553
573,0.002423932310193777,0.9985328912734985,0.9989852905273438,0.6789577603340149
574,0.002508637961000204,0.9984882473945618,0.9989479184150696,0.6742757558822632
575,0.00266315508633852,0.9984691739082336,0.9988762140274048,0.6919177770614624
576,0.0025999757926911116,0.9984315633773804,0.9989112615585327,0.6634379029273987
577,0.0029039212968200445,0.9983862042427063,0.9987785220146179,0.678048849105835
578,0.00340735400095582,0.9981663823127747,0.9986076354980469,0.6427556276321411
579,0.0031571444123983383,0.9982452392578125,0.9986816644668579,0.6548919677734375
580,0.0026863401290029287,0.9983134269714355,0.9988845586776733,0.6197831630706787
581,0.0026152508798986673,0.9984291791915894,0.998914361000061,0.6461061835289001
582,0.002454924862831831,0.9984690546989441,0.9989708065986633,0.6539890766143799
583,0.002385097788646817,0.9985159635543823,0.9989654421806335,0.6789203882217407
584,0.0024596129078418016,0.9985147714614868,0.9989921450614929,0.6853843927383423
585,0.002391140442341566,0.9985281825065613,0.9989776611328125,0.6847807168960571
586,0.0024501935113221407,0.9985373616218567,0.9989425539970398,0.6844170689582825
587,0.0024890515487641096,0.9984810948371887,0.998944103717804,0.6753807067871094
588,0.00245412508957088,0.9985310435295105,0.9989601373672485,0.6944425702095032
589,0.002389804692938924,0.9985297918319702,0.9989730715751648,0.6869626641273499
590,0.002332435455173254,0.9985790252685547,0.9990119934082031,0.6966807246208191
591,0.002443914068862796,0.998548150062561,0.998944103717804,0.6964027881622314
592,0.0023165044840425253,0.9985803365707397,0.9989891052246094,0.6986510753631592
593,0.0023724795319139957,0.9985677599906921,0.999010443687439,0.706820547580719
594,0.0024469001218676567,0.9985321164131165,0.9989433288574219,0.7136949896812439
595,0.0024285351391881704,0.9985470771789551,0.998944878578186,0.7055279016494751
596,0.003030822379514575,0.9984064102172852,0.9988075494766235,0.6767897605895996
597,0.0028837670106440783,0.9983490109443665,0.9987732172012329,0.6542040705680847
598,0.002741249045357108,0.9983364939689636,0.9988449215888977,0.650185227394104
599,0.002549039665609598,0.9984701871871948,0.9989174008369446,0.682925283908844
600,0.0024196025915443897,0.9984963536262512,0.9989578127861023,0.6628150343894958
601,0.002459379378706217,0.9985305666923523,0.9989517331123352,0.6882426738739014
602,0.002412205096334219,0.9985189437866211,0.9989539980888367,0.6640487909317017
603,0.002445900347083807,0.9985257983207703,0.9989364743232727,0.6816755533218384
604,0.0024673754815012217,0.9985020756721497,0.9989410638809204,0.6893354654312134
605,0.0025747851468622684,0.9985084533691406,0.9989097714424133,0.6962898969650269
606,0.002467087237164378,0.9985135197639465,0.9989547729492188,0.677920937538147
607,0.002418287331238389,0.9985416531562805,0.9989860653877258,0.6989666819572449
608,0.0023958017118275166,0.9985469579696655,0.9989761114120483,0.695574164390564
609,0.002349243964999914,0.9985761642456055,0.9989784359931946,0.7103545665740967
610,0.0023948349989950657,0.9985383152961731,0.9989700317382812,0.7071874141693115
611,0.002360957209020853,0.9985777735710144,0.9989951848983765,0.709807276725769
612,0.002398016396909952,0.9985779523849487,0.9989792108535767,0.7110674381256104
613,0.002230788115411997,0.9986273646354675,0.9990485906600952,0.7117059230804443
614,0.002207574900239706,0.9986299276351929,0.999066174030304,0.7166786193847656
615,0.0022348470520228148,0.9986414909362793,0.9990562200546265,0.7342371940612793
616,0.002247655764222145,0.9986504316329956,0.9990547299385071,0.7312725782394409
617,0.0021989108063280582,0.998648464679718,0.9990631341934204,0.7152411341667175
618,0.002316577360033989,0.9986127614974976,0.999005138874054,0.7204972505569458
619,0.002396495547145605,0.9985916018486023,0.998979926109314,0.7182742357254028
620,0.002338219666853547,0.9986212849617004,0.9989845156669617,0.7374435663223267
621,0.002259612549096346,0.9986201524734497,0.9990249872207642,0.7132786512374878
622,0.002361761871725321,0.9985830187797546,0.9990127682685852,0.7116628885269165
623,0.0025041198823601007,0.9985452890396118,0.9989280700683594,0.7419489622116089
624,0.0024994313716888428,0.9985372424125671,0.9989303350448608,0.7153412103652954
625,0.0024153473787009716,0.9985746145248413,0.9989700317382812,0.713056206703186
626,0.0023921646643429995,0.9985538721084595,0.9989525079727173,0.7228526473045349
627,0.0022377881687134504,0.9986339807510376,0.9990569949150085,0.7307008504867554
628,0.002399065066128969,0.9985523223876953,0.9990097284317017,0.7113026976585388
629,0.002453957451507449,0.9985615015029907,0.9989578127861023,0.7320772409439087
630,0.0024002324789762497,0.9985594749450684,0.9989830255508423,0.7266233563423157
631,0.0023108739405870438,0.9985772967338562,0.9990043640136719,0.7112644910812378
632,0.002347296569496393,0.9986072778701782,0.9990127682685852,0.7301663160324097
633,0.0023335700388997793,0.9985863566398621,0.9989975094795227,0.7339931726455688
634,0.0023857210762798786,0.9985706210136414,0.9989921450614929,0.7115207314491272
635,0.0022584835533052683,0.998627781867981,0.9990180730819702,0.7174144983291626
636,0.0021332569885998964,0.9986734390258789,0.9990707635879517,0.7375597357749939
637,0.00224035931751132,0.9986540675163269,0.9990135431289673,0.7534639835357666
638,0.002142398152500391,0.9986894726753235,0.999066174030304,0.7513172626495361
639,0.0021004085429012775,0.9987074136734009,0.9990981817245483,0.753882646560669
640,0.0021464654710143805,0.9987033605575562,0.9990676641464233,0.7659050226211548
641,0.0021037240512669086,0.9987163543701172,0.9991096258163452,0.7767027616500854
642,0.002127563115209341,0.9986890554428101,0.9990707635879517,0.7627332210540771
643,0.0022138715721666813,0.9986718893051147,0.9990318417549133,0.7618192434310913
644,0.002371910959482193,0.998633861541748,0.9989684820175171,0.7631145119667053
645,0.0024841497652232647,0.9985427856445312,0.9989555478096008,0.7379955053329468
646,0.0027536414563655853,0.9984552264213562,0.9988540410995483,0.7390695810317993
647,0.0027279865462332964,0.9984394907951355,0.9988723993301392,0.7310999631881714
648,0.00251058884896338,0.9985178709030151,0.9989074468612671,0.7172297239303589
649,0.0022465367801487446,0.9985891580581665,0.9990440607070923,0.7166049480438232
650,0.002192785032093525,0.9986153841018677,0.9990310668945312,0.7219455242156982
651,0.0022609722800552845,0.9986326098442078,0.9990272521972656,0.741559624671936
652,0.0022062582429498434,0.9986503720283508,0.9990638494491577,0.7411568760871887
653,0.0021974060218781233,0.9986687898635864,0.9990593194961548,0.7575100660324097
654,0.0022302609868347645,0.9986534118652344,0.9990600347518921,0.7436402440071106
655,0.0021896674297749996,0.99867182970047,0.9990471005439758,0.7590094804763794
656,0.0024953072424978018,0.9985755085945129,0.998950183391571,0.7516688704490662
657,0.002438673283904791,0.9985722303390503,0.9989585876464844,0.7392309904098511
658,0.0028019151650369167,0.9983898997306824,0.9988029599189758,0.6921039819717407
659,0.0023398306220769882,0.9985859990119934,0.998980700969696,0.7026597261428833
660,0.0024411436170339584,0.998554527759552,0.9989509582519531,0.7105724811553955
661,0.0021736312191933393,0.9986472129821777,0.9990585446357727,0.7213788032531738
662,0.0021949755027890205,0.9986464381217957,0.9990730285644531,0.722531795501709
663,0.002150886692106724,0.9986507296562195,0.999053955078125,0.7261748313903809
664,0.0021757567301392555,0.9987016916275024,0.9990509152412415,0.7360059022903442
665,0.0020915560889989138,0.9986991882324219,0.9991043210029602,0.7332292795181274
666,0.0020334257278591394,0.9987354278564453,0.999127209186554,0.7424905300140381
667,0.0020631293300539255,0.9987419247627258,0.9991165399551392,0.7548447847366333
668,0.002029582392424345,0.998746395111084,0.9991394281387329,0.7506542205810547
669,0.002029063645750284,0.9987514615058899,0.9991432428359985,0.7652733325958252
670,0.002100831363350153,0.9987371563911438,0.999072253704071,0.7819325923919678
671,0.002134178299456835,0.99872887134552,0.999097466468811,0.7709236145019531
672,0.002138508716598153,0.9987316131591797,0.9990745782852173,0.7785263061523438
673,0.00212203711271286,0.9987003207206726,0.9990936517715454,0.7526768445968628
674,0.0022170688025653362,0.9986705780029297,0.9990531802177429,0.7639939785003662
675,0.0023986217565834522,0.998622715473175,0.9989738464355469,0.7605897188186646
676,0.002714811824262142,0.9985107183456421,0.9988921880722046,0.7250310182571411
677,0.002451204229146242,0.9985448718070984,0.9989631772041321,0.731968104839325
678,0.002343290951102972,0.9985631704330444,0.9989997744560242,0.7246101498603821
679,0.002366035943850875,0.9985858201980591,0.9989891052246094,0.7388448715209961
680,0.0022323932498693466,0.9986481666564941,0.9990699887275696,0.7398489117622375
681,0.0023697782307863235,0.9985693693161011,0.9989730715751648,0.7252287864685059
682,0.002278782892972231,0.9986171722412109,0.9990005493164062,0.7241641283035278
683,0.002532446291297674,0.998571515083313,0.998931884765625,0.7333008050918579
684,0.003028985345736146,0.9983915090560913,0.9987853765487671,0.7266215682029724
685,0.002669437788426876,0.9983984231948853,0.9988929629325867,0.6891001462936401
686,0.0026801046915352345,0.9984854459762573,0.9989272952079773,0.7054107189178467
687,0.0024387971498072147,0.9984742403030396,0.9989677667617798,0.6482111215591431
688,0.0024218985345214605,0.998508632183075,0.9989875555038452,0.6549753546714783
689,0.0025059147737920284,0.998508632183075,0.9989280700683594,0.6823641061782837
690,0.0025809314101934433,0.9985069036483765,0.9989029169082642,0.6719282865524292
691,0.0023399819619953632,0.998585045337677,0.9989684820175171,0.6986990571022034
692,0.002352489158511162,0.9985669255256653,0.9989761114120483,0.7083927392959595
693,0.0022526397369802,0.9986240267753601,0.9990173578262329,0.7300119400024414
694,0.0021452917717397213,0.9986563920974731,0.9990631341934204,0.7180467844009399
695,0.0021281572990119457,0.998682975769043,0.9990814328193665,0.7320038676261902
696,0.0020587195176631212,0.9987235069274902,0.999114990234375,0.7438346147537231
697,0.002174887340515852,0.9986869096755981,0.9990432858467102,0.7468734979629517
698,0.0019831759855151176,0.9987653493881226,0.9991424679756165,0.7527371644973755
699,0.0020462975371629,0.9987496137619019,0.9991111755371094,0.7556374669075012
700,0.0019790122751146555,0.9987775683403015,0.999163031578064,0.7471209764480591
701,0.001978970365598798,0.9987783432006836,0.9991607666015625,0.7540667057037354
702,0.002071268856525421,0.9987505674362183,0.9991195797920227,0.758864164352417
703,0.002087424276396632,0.9987604022026062,0.9991142153739929,0.7717645764350891
704,0.0021765585988759995,0.9987012147903442,0.9990463256835938,0.7606126070022583
705,0.0020034804474562407,0.9987627863883972,0.9991340637207031,0.7594786882400513
706,0.002144530415534973,0.9987309575080872,0.9990752935409546,0.7524498701095581
707,0.002208043821156025,0.998688817024231,0.9990631341934204,0.7634400129318237
708,0.0023279450833797455,0.9986545443534851,0.9990127682685852,0.7625454664230347
709,0.002257642801851034,0.9986543655395508,0.9990180730819702,0.7618149518966675
710,0.002262944122776389,0.9986516833305359,0.9990005493164062,0.761762261390686
711,0.0020872591994702816,0.9986939430236816,0.9991134405136108,0.7543420791625977
712,0.002123636659234762,0.9987058639526367,0.9990860223770142,0.7777825593948364
713,0.0020398912020027637,0.9987634420394897,0.9991256594657898,0.7854209542274475
714,0.0022214725613594055,0.9986522793769836,0.9990242123603821,0.7556041479110718
715,0.0022109723649919033,0.998700737953186,0.9990516901016235,0.7779844403266907
716,0.0021714414469897747,0.9986510276794434,0.9990738034248352,0.7518637180328369
717,0.0022021508775651455,0.9987160563468933,0.9990699887275696,0.761299729347229
718,0.001946852309629321,0.9987708330154419,0.9991615414619446,0.7625887989997864
719,0.002439864445477724,0.9985936880111694,0.9989708065986633,0.7518717646598816
720,0.0024151639081537724,0.9986368417739868,0.9989585876464844,0.7610124349594116
721,0.002321333857253194,0.9986066818237305,0.9990081787109375,0.7445046901702881
722,0.002172087784856558,0.9986698031425476,0.9990951418876648,0.7620447874069214
723,0.002152173314243555,0.9986817240715027,0.999071478843689,0.7593036890029907
724,0.002503251191228628,0.9985859990119934,0.9989684820175171,0.7522892951965332
725,0.0021597177255898714,0.9986546635627747,0.9990890622138977,0.7184897661209106
726,0.002176739275455475,0.9986686706542969,0.999040961265564,0.748475193977356
727,0.0022249773610383272,0.998665452003479,0.9990509152412415,0.7624121904373169
728,0.00217271177098155,0.9986873865127563,0.9990653991699219,0.7695341110229492
729,0.0020178835839033127,0.9987276196479797,0.9991531372070312,0.7354553937911987
730,0.002009452786296606,0.9987537264823914,0.9991188049316406,0.7599542140960693
731,0.0020004429388791323,0.99876469373703,0.9991340637207031,0.7756908535957336
732,0.001854301430284977,0.998848557472229,0.9992126226425171,0.7911148071289062
733,0.001839793985709548,0.9988662600517273,0.9992080926895142,0.8074588775634766
734,0.0019003686029464006,0.9988453984260559,0.999189019203186,0.802123486995697
735,0.001836271258071065,0.9988567233085632,0.9992073178291321,0.8007422685623169
736,0.0019721535500139,0.9988056421279907,0.9991195797920227,0.8137181401252747
737,0.002116402145475149,0.9988039135932922,0.9991302490234375,0.8183801174163818
738,0.002100020879879594,0.9987325668334961,0.9991127252578735,0.7871196866035461
739,0.002087552798911929,0.9987434148788452,0.9991188049316406,0.7742964029312134
740,0.0025573584716767073,0.9986044764518738,0.9989082217216492,0.7908672094345093
741,0.0027320461813360453,0.9984701871871948,0.9988731145858765,0.7515772581100464
742,0.0025835076812654734,0.9985175132751465,0.9989150762557983,0.7213505506515503
743,0.0024246422108262777,0.9985244870185852,0.9989883303642273,0.6920197010040283
744,0.0023514260537922382,0.9985821843147278,0.9989997744560242,0.727649450302124
745,0.0020126220770180225,0.9987345933914185,0.9991416931152344,0.7326130867004395
746,0.0020360287744551897,0.998733639717102,0.9991256594657898,0.7495833039283752
747,0.0019348753849044442,0.9987953901290894,0.9991691708564758,0.7713408470153809
748,0.0019767768681049347,0.9987780451774597,0.9991172552108765,0.7720603942871094
749,0.0019360050791874528,0.998809814453125,0.9991554021835327,0.7712541818618774
750,0.0020096823573112488,0.9987921714782715,0.9991439580917358,0.7858057022094727
751,0.0020499881356954575,0.9987661242485046,0.9991188049316406,0.7723750472068787
752,0.001994763035327196,0.998808741569519,0.9991195797920227,0.7935298085212708
753,0.0019354881951585412,0.9987885355949402,0.9991348385810852,0.7812924385070801
754,0.0021124249324202538,0.9987558126449585,0.9990943670272827,0.7909584045410156
755,0.0026584845036268234,0.9985302090644836,0.9988624453544617,0.7560056447982788
756,0.0026603243313729763,0.998469352722168,0.9988304376602173,0.7304980158805847
757,0.002257854677736759,0.9986342191696167,0.9990432858467102,0.7440675497055054
758,0.002203430514782667,0.998687744140625,0.9990730285644531,0.750395655632019
759,0.0021498831920325756,0.9986587762832642,0.9990653991699219,0.7295926809310913
760,0.001835106173530221,0.9988141059875488,0.9992019534111023,0.7705700397491455
761,0.0018819557735696435,0.9988215565681458,0.999163806438446,0.7862038016319275
762,0.0018346089636906981,0.9988482594490051,0.9992202520370483,0.7817376255989075
763,0.0020387794356793165,0.9987893104553223,0.9991310238838196,0.7994434833526611
764,0.0019761770963668823,0.9988086819648743,0.9991134405136108,0.8008590936660767
765,0.0020415526814758778,0.9987751841545105,0.9991348385810852,0.7791236639022827
766,0.0020072602201253176,0.998788058757782,0.9991378784179688,0.7852979898452759
767,0.0018283709650859237,0.9988420605659485,0.9992103576660156,0.7858933806419373
768,0.0019669532775878906,0.9988091588020325,0.9991477727890015,0.800753116607666
769,0.002131414134055376,0.9987298250198364,0.9990608096122742,0.7787301540374756
770,0.002130155684426427,0.9987233877182007,0.9990791082382202,0.7689660787582397
771,0.00224085571244359,0.9986915588378906,0.9990326166152954,0.7833131551742554
772,0.0023944242857396603,0.998672366142273,0.999011218547821,0.8078785538673401
773,0.0029874248430132866,0.9983022809028625,0.9987388849258423,0.7212669849395752
774,0.0024757790379226208,0.9985476732254028,0.9989570379257202,0.7345716953277588
775,0.0023327714297920465,0.9986190795898438,0.9990127682685852,0.7348971366882324
776,0.0020559164695441723,0.9987241625785828,0.9991119503974915,0.7499350309371948
777,0.001961952541023493,0.9987379908561707,0.999163806438446,0.7452430725097656
778,0.001857637194916606,0.9987970590591431,0.9991996884346008,0.772261381149292
779,0.0018245785031467676,0.9988730549812317,0.9992164373397827,0.801016092300415
780,0.0017678698059171438,0.9988988041877747,0.9992164373397827,0.8029415607452393
781,0.0017594329547137022,0.9989086389541626,0.9992637634277344,0.794522762298584
782,0.0017780050402507186,0.9988930821418762,0.9992271661758423,0.8080159425735474
783,0.001835276954807341,0.9988740086555481,0.999188244342804,0.8220731616020203
784,0.0017889303853735328,0.9989012479782104,0.9992218017578125,0.8299545049667358
785,0.001716764410957694,0.9989274740219116,0.9992790222167969,0.8319706320762634
786,0.0017732164124026895,0.998900294303894,0.9992340207099915,0.8285857439041138
787,0.0018343226984143257,0.9988967180252075,0.9991966485977173,0.8331119418144226
788,0.0017807187978178263,0.9989222288131714,0.9992172122001648,0.8402506113052368
789,0.0018569972598925233,0.9988784790039062,0.9992057681083679,0.8342136740684509
790,0.0018482340965420008,0.9988718032836914,0.9991989135742188,0.8323097229003906
791,0.0018134086858481169,0.998890221118927,0.9992294311523438,0.8337646126747131
792,0.0017833184683695436,0.998927891254425,0.9992340207099915,0.8465691804885864
793,0.00184522639028728,0.9988721609115601,0.9991844296455383,0.8260169625282288
794,0.0018276615301147103,0.9988750219345093,0.9992294311523438,0.8222750425338745
795,0.0017925873398780823,0.9989029765129089,0.9992416501045227,0.8427474498748779
796,0.0019043553620576859,0.998869776725769,0.9991744756698608,0.840244710445404
797,0.0020271798130124807,0.9988104701042175,0.999132513999939,0.8277219533920288
798,0.0021453762892633677,0.9987595677375793,0.9990798830986023,0.8242063522338867
799,0.002194842789322138,0.9986932873725891,0.9990752935409546,0.7947304248809814
800,0.0021257479675114155,0.9987043142318726,0.9991165399551392,0.7891628742218018
801,0.0024707827251404524,0.9986456036567688,0.9989700317382812,0.8029799461364746
802,0.002447685692459345,0.9985979199409485,0.9989708065986633,0.7661753296852112
803,0.002610566793009639,0.9985147714614868,0.9989150762557983,0.7610149383544922
804,0.0025732223875820637,0.9985625147819519,0.9989250302314758,0.7736306190490723
805,0.0026950747705996037,0.9984183311462402,0.9988983273506165,0.6995365619659424
806,0.0022441078908741474,0.9985987544059753,0.9990569949150085,0.7211382389068604
807,0.0020615996327251196,0.9987117052078247,0.9990890622138977,0.7826522588729858
808,0.0019062714418396354,0.9988080859184265,0.9991989135742188,0.7984486818313599
809,0.0018564291531220078,0.9988223910331726,0.9991958737373352,0.7975971698760986
810,0.001981304492801428,0.9987684488296509,0.9991310238838196,0.7912864685058594
811,0.0018845306476578116,0.998860239982605,0.9991950988769531,0.8006452322006226
812,0.0019149876898154616,0.9988503456115723,0.9991546869277954,0.8252538442611694
813,0.001973118633031845,0.9987963438034058,0.999133288860321,0.8065057992935181
814,0.0022340351715683937,0.9987154006958008,0.9990501403808594,0.8181523084640503
815,0.0022115185856819153,0.9987084269523621,0.9990776181221008,0.8053041696548462
816,0.001897389069199562,0.9988328814506531,0.9992049932479858,0.8167119026184082
817,0.0018779545789584517,0.9988359212875366,0.9991813898086548,0.8123743534088135
818,0.0018024628516286612,0.9988690614700317,0.9992225766181946,0.8150543570518494
819,0.00199557701125741,0.9988223314285278,0.9991683959960938,0.8282960057258606
820,0.0018599515315145254,0.9988731145858765,0.9991905093193054,0.8428901433944702
821,0.001893848180770874,0.9988393783569336,0.9991821050643921,0.8099257946014404
822,0.001767205772921443,0.9989032745361328,0.9992316961288452,0.8145374059677124
823,0.001735421479679644,0.9989331364631653,0.9992599487304688,0.8384490013122559
824,0.0016585614066570997,0.9989684224128723,0.9992836117744446,0.8488130569458008
825,0.0017244396731257439,0.9989372491836548,0.9992515444755554,0.8542081117630005
826,0.0016727878246456385,0.9989581108093262,0.9992622137069702,0.8528887033462524
827,0.0016406511422246695,0.9989811182022095,0.9992927312850952,0.8591510057449341
828,0.001673876540735364,0.9989584684371948,0.9992485046386719,0.8565239906311035
829,0.001840204931795597,0.998909592628479,0.9991973638534546,0.865358829498291
830,0.002155476715415716,0.9987956881523132,0.9990783929824829,0.8585840463638306
831,0.0024472589138895273,0.9986743927001953,0.9989830255508423,0.8256164789199829
832,0.0024628364481031895,0.9985781908035278,0.9989486932754517,0.7978200316429138
833,0.00223793787881732,0.9986815452575684,0.9990806579589844,0.7599839568138123
834,0.001914271735586226,0.9987597465515137,0.9991828799247742,0.7405567169189453
835,0.001990104094147682,0.9987824559211731,0.9991447329521179,0.7726317048072815
836,0.0019354108953848481,0.9988089799880981,0.9991714358329773,0.7622436285018921
837,0.001923724077641964,0.9988255500793457,0.9991828799247742,0.777912974357605
838,0.0017111811321228743,0.9989059567451477,0.9992607235908508,0.8014611005783081
839,0.0019267702009528875,0.9988698959350586,0.9991989135742188,0.8300021886825562
840,0.0018413554644212127,0.998875617980957,0.9992111325263977,0.8088134527206421
841,0.001754604047164321,0.9989094734191895,0.9992477297782898,0.794732928276062
842,0.001775430515408516,0.9989178776741028,0.9992202520370483,0.8203532695770264
843,0.0016346618067473173,0.9989656209945679,0.9993079900741577,0.8362835049629211
844,0.0015745613491162658,0.998998761177063,0.9993400573730469,0.8393310308456421
845,0.0015555564314126968,0.9990223050117493,0.9993446469306946,0.8524205684661865
846,0.001588362967595458,0.9990137219429016,0.9993003606796265,0.8718273639678955
847,0.0016487849643453956,0.9989978075027466,0.9992774724960327,0.8827450275421143
848,0.0016078846529126167,0.9990087747573853,0.9993026852607727,0.8851051330566406
849,0.0016508601838722825,0.9989835023880005,0.9992660284042358,0.875562310218811
850,0.0016741976141929626,0.9989789724349976,0.9992935061454773,0.8749561309814453
851,0.001560054486617446,0.9990246891975403,0.9993316531181335,0.8783003091812134
852,0.0016640936955809593,0.9989892840385437,0.9992637634277344,0.8810003995895386
853,0.001682645408436656,0.9989938735961914,0.9992653131484985,0.8761641979217529
854,0.0015750064048916101,0.9990135431289673,0.999315619468689,0.8811102509498596
855,0.0016770217334851623,0.9989960789680481,0.9992812871932983,0.8952771425247192
856,0.001575623289681971,0.9990224838256836,0.9993430972099304,0.8888872861862183
857,0.0016380235319957137,0.999000072479248,0.9992935061454773,0.881822943687439
858,0.0017220641020685434,0.9989635348320007,0.999267578125,0.8725776076316833
859,0.0018441183492541313,0.9989279508590698,0.999218761920929,0.8856372833251953
860,0.002006682101637125,0.9988595843315125,0.9991286993026733,0.8830697536468506
861,0.0022553836461156607,0.9987249374389648,0.9990264773368835,0.8505672216415405
862,0.002330158371478319,0.9987306594848633,0.9990577697753906,0.8403540849685669
863,0.0026706878561526537,0.9984797239303589,0.9988991022109985,0.7566120028495789
864,0.0021130754612386227,0.9986456632614136,0.9991248846054077,0.7590545415878296
865,0.0018452353542670608,0.9988492727279663,0.9992454648017883,0.8246955275535583
866,0.001783096930012107,0.9988851547241211,0.9992431402206421,0.8200855255126953
867,0.0016430342802777886,0.9989760518074036,0.999315619468689,0.8401129245758057
868,0.0016196161741390824,0.9989868998527527,0.9993209838867188,0.8598523139953613
869,0.0015938915312290192,0.9990077018737793,0.9993232488632202,0.8639562129974365
870,0.001554418238811195,0.9990255236625671,0.99932861328125,0.8733086585998535
871,0.0016121312510222197,0.9990217089653015,0.9993217587471008,0.8771790266036987
872,0.0015923355240374804,0.9990159273147583,0.9993187189102173,0.8776680827140808
873,0.0015866210451349616,0.9990183115005493,0.9993332028388977,0.876875102519989
874,0.0017839053180068731,0.9989404678344727,0.9992416501045227,0.8713184595108032
875,0.001765204593539238,0.9989742040634155,0.999279797077179,0.8752343654632568
876,0.001764942309819162,0.9989326596260071,0.9992271661758423,0.8729013800621033
877,0.0016455973964184523,0.9989731907844543,0.999310314655304,0.8652336597442627
878,0.0016488455003127456,0.9989879727363586,0.9992759823799133,0.8694883584976196
879,0.0016594022745266557,0.9989794492721558,0.9992812871932983,0.8680841326713562
880,0.0019172776956111193,0.9988858103752136,0.9991729855537415,0.8707232475280762
881,0.0021010844502598047,0.9988025426864624,0.9991378784179688,0.8481349349021912
882,0.0021823879797011614,0.9987972974777222,0.9991134405136108,0.8438422083854675
883,0.0019002044573426247,0.9988309741020203,0.9991950988769531,0.8162730932235718
884,0.0018059700960293412,0.998863697052002,0.9992347955703735,0.8187141418457031
885,0.001804115017876029,0.998884379863739,0.9992095828056335,0.8337128162384033
886,0.0018849733751267195,0.9988716244697571,0.9991950988769531,0.8447917699813843
887,0.001751329516991973,0.9989282488822937,0.999224841594696,0.8667375445365906
888,0.0018569037783890963,0.9989047050476074,0.999193549156189,0.8722416758537292
889,0.0017887905705720186,0.998907744884491,0.9992340207099915,0.8560364246368408
890,0.0016741110011935234,0.9989654421806335,0.9992874264717102,0.8448419570922852
891,0.001586595899425447,0.9989749789237976,0.9993446469306946,0.8274330496788025
892,0.0015734691405668855,0.9990053176879883,0.9993232488632202,0.8545661568641663
893,0.0015389933250844479,0.9990423917770386,0.9993392825126648,0.8776156902313232
894,0.0014740428887307644,0.9990779757499695,0.9993683099746704,0.8973069787025452
895,0.0015552364056929946,0.9990516901016235,0.9993385076522827,0.8898818492889404
896,0.0016857667360454798,0.9989973306655884,0.9992828369140625,0.8870028257369995
897,0.0018568907398730516,0.998939037322998,0.99920654296875,0.8880754113197327
898,0.0019685039296746254,0.9989036321640015,0.9992141723632812,0.8712365627288818
899,0.002049152972176671,0.9987788200378418,0.999132513999939,0.82976895570755
900,0.001741426414810121,0.9988859295845032,0.9992637634277344,0.843700110912323
901,0.002504166215658188,0.9987403750419617,0.9989891052246094,0.876612663269043
902,0.0023422467056661844,0.9985986948013306,0.999005913734436,0.803595781326294
903,0.0018880357965826988,0.998792827129364,0.9992164373397827,0.8179076910018921
904,0.0018288713181391358,0.9988614916801453,0.9992126226425171,0.8342025279998779
905,0.0021992716938257217,0.9988470077514648,0.9991844296455383,0.8180339336395264
906,0.0018557781586423516,0.9988572001457214,0.9992042779922485,0.7932055592536926
907,0.0019868635572493076,0.9987724423408508,0.9991699457168579,0.762559711933136
908,0.0017615926917642355,0.9988959431648254,0.9992660284042358,0.7792184352874756
909,0.0021630527917295694,0.9988144040107727,0.999102771282196,0.8015735149383545
910,0.0020877185743302107,0.9987727999687195,0.9991142153739929,0.7811604738235474
911,0.0016962296795099974,0.9988869428634644,0.9992896914482117,0.776143491268158
912,0.0017565445741638541,0.9989178776741028,0.9992469549179077,0.8230051398277283
913,0.001897240406833589,0.9988976716995239,0.9992119073867798,0.833514928817749
914,0.0019172048196196556,0.9988554120063782,0.9991790652275085,0.8014291524887085
915,0.0019011130789294839,0.9988624453544617,0.9991859197616577,0.790672779083252
916,0.0017068494344130158,0.9989408254623413,0.9992713928222656,0.8206262588500977
917,0.0015857366379350424,0.998998761177063,0.9993575811386108,0.8210517168045044
918,0.0014660133747383952,0.9990531206130981,0.9993842840194702,0.8520970344543457
919,0.0015095596900209785,0.9990602731704712,0.999346911907196,0.8685598969459534
920,0.0014429998118430376,0.9990849494934082,0.9993804693222046,0.879744291305542
921,0.00143961061257869,0.9990968704223633,0.9993583559989929,0.8858709335327148
922,0.0015040467260405421,0.9990867376327515,0.9993583559989929,0.8838601112365723
923,0.00151563819963485,0.9990667104721069,0.9993484616279602,0.896891713142395
924,0.0015160739421844482,0.9990738034248352,0.9993293881416321,0.9057542681694031
925,0.0015684751560911536,0.9990617036819458,0.9993316531181335,0.9042403697967529
926,0.0014865179546177387,0.9990704655647278,0.9993683099746704,0.893701434135437
927,0.0014771487331017852,0.9990829229354858,0.9993888735771179,0.9025010466575623
928,0.0015410920605063438,0.9990719556808472,0.9993454217910767,0.9082016944885254
929,0.0017034501070156693,0.9989882707595825,0.9992866516113281,0.8895848393440247
930,0.0016618225490674376,0.9990037679672241,0.9992752075195312,0.8891043663024902
931,0.0017440023366361856,0.9989482760429382,0.9992713928222656,0.874377965927124
932,0.0016975291073322296,0.9989824295043945,0.999280571937561,0.886612594127655
933,0.001515898504294455,0.9990364909172058,0.9993667602539062,0.8769478797912598
934,0.0014783472288399935,0.9990670084953308,0.9993797540664673,0.8848065733909607
935,0.0015459101414307952,0.999057412147522,0.9993530511856079,0.8949165344238281
936,0.0014459739904850721,0.9991148710250854,0.9993866086006165,0.9020566940307617
937,0.001372109167277813,0.9991298913955688,0.9994117617607117,0.9013965129852295
938,0.001430459669791162,0.9991186857223511,0.9994003176689148,0.9097483158111572
939,0.0014836015179753304,0.9991104006767273,0.9993621706962585,0.9127063751220703
940,0.001522596227005124,0.9990825653076172,0.9993537664413452,0.916648268699646
941,0.0016525030368939042,0.999029278755188,0.9992973208427429,0.901563286781311
942,0.00213655480183661,0.998834490776062,0.9991035461425781,0.8842220902442932
943,0.002219024347141385,0.9987975358963013,0.9991043210029602,0.8460379838943481
944,0.0018541759345680475,0.9988496899604797,0.9992294311523438,0.8223419189453125
945,0.001819908618927002,0.9988799095153809,0.9992462396621704,0.8243715763092041
946,0.0017089815810322762,0.9989191889762878,0.9992629885673523,0.8040961027145386
947,0.0015100718010216951,0.9990350604057312,0.9993492364883423,0.850816547870636
948,0.0015654752496629953,0.9990520477294922,0.9993400573730469,0.8729705214500427
949,0.0016131782904267311,0.9990314245223999,0.9993149042129517,0.8731900453567505
950,0.0014532090863212943,0.9990912675857544,0.9993751645088196,0.8892149925231934
951,0.0015229537384584546,0.9990752935409546,0.9993209838867188,0.8992455005645752
952,0.0014666508650407195,0.9990771412849426,0.9993842840194702,0.8844807147979736
953,0.0014077556552365422,0.9991124868392944,0.9993950128555298,0.9055219888687134
954,0.0014708881499245763,0.9991092681884766,0.9993942379951477,0.9126151204109192
955,0.0015193151775747538,0.9990562200546265,0.9993171691894531,0.8979266881942749
956,0.0014653500402346253,0.9991117715835571,0.9993782043457031,0.9134724140167236
957,0.001446066191419959,0.9991302490234375,0.999371349811554,0.9186803102493286
958,0.001393997110426426,0.9991304278373718,0.9994102716445923,0.9016897678375244
959,0.0013950025895610452,0.9991265535354614,0.9994133114814758,0.910226583480835
960,0.0014161986764520407,0.9991259574890137,0.9993880987167358,0.9284448623657227
961,0.001323954202234745,0.9991729855537415,0.9994567632675171,0.9149371385574341
962,0.0014552775537595153,0.9991294145584106,0.9993743896484375,0.9089379906654358
963,0.0013706128811463714,0.9991594552993774,0.9994308352470398,0.9243870377540588
964,0.001328366226516664,0.9991670846939087,0.999420166015625,0.926748514175415
965,0.0013000944163650274,0.9991651773452759,0.9994438290596008,0.9261009693145752
966,0.001425401889719069,0.9991495013237,0.9993926882743835,0.9422492384910583
967,0.0014516396913677454,0.9991292953491211,0.9993866086006165,0.9304077625274658
968,0.0014679627493023872,0.9991031885147095,0.9993629455566406,0.9213180541992188
969,0.0014020715607330203,0.9991480708122253,0.9994117617607117,0.9334941506385803
970,0.0015056409174576402,0.9991077184677124,0.999376654624939,0.9313541650772095
971,0.0013658063253387809,0.9991477131843567,0.9994133114814758,0.9216796159744263
972,0.0014298850437626243,0.9991219639778137,0.9993904232978821,0.9190170168876648
973,0.001348497811704874,0.9991661310195923,0.9994247555732727,0.9248872995376587
974,0.0013349381042644382,0.9991642236709595,0.9994148015975952,0.9227097630500793
975,0.0013684879522770643,0.9991555213928223,0.9994041323661804,0.9265985488891602
976,0.0013588827569037676,0.9991711378097534,0.9994407892227173,0.9352620840072632
977,0.0013585492270067334,0.9991514086723328,0.9994224309921265,0.928229808807373
978,0.0012925240444019437,0.9991976022720337,0.9994605779647827,0.9419376850128174
979,0.0013572387397289276,0.9991814494132996,0.9994209408760071,0.9425767660140991
980,0.0013226628070697188,0.9991836547851562,0.9994293451309204,0.9369906187057495
981,0.001411133329384029,0.999151349067688,0.999407172203064,0.9362766146659851
982,0.001368609955534339,0.9991604089736938,0.9994262456893921,0.9321628212928772
983,0.0014541891869157553,0.9991353750228882,0.9993904232978821,0.9391979575157166
984,0.0015558411832898855,0.9991161227226257,0.9993484616279602,0.9466513395309448
985,0.0016713084187358618,0.9990416765213013,0.9993003606796265,0.9157308340072632
986,0.001595302834175527,0.9990333318710327,0.9993194341659546,0.8995610475540161
987,0.001423632726073265,0.9990943670272827,0.9993911981582642,0.9110784530639648
988,0.0014919788809493184,0.9991067051887512,0.9993835687637329,0.9112088084220886
989,0.0014650416560471058,0.9990901947021484,0.9993629455566406,0.9076216220855713
990,0.0013388909865170717,0.9991680979728699,0.9994422793388367,0.9277834892272949
991,0.0013890056870877743,0.9991520047187805,0.9993972778320312,0.9294857978820801
992,0.0014276131987571716,0.9991318583488464,0.9994094967842102,0.9294009208679199
993,0.0014942338457331061,0.9991214871406555,0.9993454217910767,0.924892246723175
994,0.0015033355448395014,0.9990706443786621,0.9993530511856079,0.9095754623413086
995,0.0015913869719952345,0.9990383982658386,0.9993118047714233,0.9021317958831787
996,0.001598780625499785,0.9991079568862915,0.999346911907196,0.9319348335266113
997,0.0016474112635478377,0.9990087747573853,0.9992729425430298,0.9034514427185059
998,0.0016201750840991735,0.9990326166152954,0.999315619468689,0.9116588830947876
999,0.0016384038608521223,0.9990069270133972,0.9993049502372742,0.8910239934921265
